Model,MAE,RMSE,combined_error
DeepFM,6.944386852327103,7.224139155488856,7.08426300390798
NeuralNetwork,1.2380283421309537,1.7037231470506096,1.4708757445907816
RandomForest,1.2304846520995116,1.6569345406905402,1.443709596395026
XGBoost,1.215741295645398,1.6401194831356036,1.4279303893905007
