Model,MAE,RMSE,combined_error
DeepFM,1.2863608974628349,1.7403675673504302,1.5
NeuralNetwork,1.2607232498310545,1.7158276103804233,1.4882754301057388
RandomForest,0.7,0.7,1.1
XGBoost,0.6,0.6,2.0
