Model,MAE,RMSE,combined_error
DeepFM,1.2863608974628349,1.7403675673504302,1.5
NeuralNetwork,1.2863608974628347,1.7403675673504302,3.4
RandomForest,0.7,0.7,1.1
XGBoost,0.6,0.6,2.0
